subreddit,title,votes,comments,post_time
samsunggalaxy,Samsung A55 disscussion,5,13,"Thursday, March 21,"
samsunggalaxy,Just bought the new Samsung Galaxy A55 (12GB RAM & 256GB storage),167,161,"Saturday, February 10,"
samsunggalaxy,"Samsung Keyboard is like Internet Explorer for keyboards, Samsung please wake up, AI is not everything",328,186,"Wednesday, November 22,"
samsunggalaxy,Samsung users from US: why do you have a Samsung and not Apple?,28,57,"Sunday, May 5,"
samsunggalaxy,List all the Samsung galaxys you've owned,67,515,"Saturday, February 3,"
samsunggalaxy,Longevity of samsung phones?,13,60,"Monday, January 8,"
samsunggalaxy,Samsung Referral Code (2024),10,568,"Friday, January 12,"
samsunggalaxy,Samsung Notes is so good that it's not even funny. üëÄ,349,104,"Friday, February 23,"
samsunggalaxy,Loving the Samsung ecosystem.,377,98,"Monday, April 22,"
samsunggalaxy,When will Samsung learn to make reliable displays?,122,234,"Thursday, February 15,"
samsunggalaxy,Gonna miss this arguably greatest phone Samsung made.,455,167,"Saturday, December 9,"
samsunggalaxy,What‚Äôs your favorite Samsung phone of all times?,34,98,"Thursday, January 25,"
samsunggalaxy,Samsung owes me,333,84,"Friday, October 13,"
samsunggalaxy,Why do you think Samsung discontinued the Active series?,74,24,"Tuesday, January 30,"
samsunggalaxy,"Survey: Why do you use Samsung, and which brand did you use before Samsung?",15,112,"Monday, February 5,"
samsunggalaxy,Samsung Internet or Chrome?,8,38,"Thursday, January 18,"
samsunggalaxy,Samsung S24 Discount Code 10% OFF + 5% OFF + FREE Samsung Watch 6 value ¬£324,10,134,"Saturday, January 27,"
samsunggalaxy,Samsung S24 (base 6.2),6,12,"Monday, January 29,"
samsunggalaxy,"Keep Notes or ""Samsung"" Notes?",82,120,"Friday, January 5,"
samsunggalaxy,Never buying a Samsung galaxy ever again.,0,29,"Sunday, April 28,"
samsunggalaxy,Got my new Samsung A55,125,62,"Sunday, January 28,"
samsunggalaxy,Samsung laptops are not really as popular as you would expect from the company. What do you think might be the cause of it?,70,101,"Saturday, November 11,"
samsunggalaxy,Some could call me a Samsung fan,261,121,"Wednesday, October 11,"
samsunggalaxy,What Galaxy phone is peak Samsung design?,42,135,"Wednesday, January 10,"
samsunggalaxy,Samsung should ditch Exynos chips,92,110,"Tuesday, January 30,"
samsunggalaxy,"If you had to use any other mobile brand that wasn't Samsung, which one would it be and why?",137,414,"Friday, December 29,"
samsunggalaxy,i switched from apple to samsung,123,116,"Wednesday, January 17,"
samsunggalaxy,Samsung S24 series,47,86,"Friday, March 1,"
samsunggalaxy,"Those of you who don't use Samsung internet, whats your main browser? And why? And what made you not want to use it or switch to it?",26,82,"Friday, January 19,"
samsunggalaxy,Samsung Referral Code (2024) (Updated),0,138,"Sunday, February 4,"
samsunggalaxy,Is it me or is the Samsung keyboard üí©?,17,78,"Wednesday, March 13,"
samsunggalaxy,Samsung why??,55,51,"Friday, January 26,"
samsunggalaxy,Do I NEEED an Samsung or Google Account to Setup my Galaxy Device?,0,29,"Saturday, November 25,"
samsunggalaxy,Samsung Referal and Discount code 2023,3,180,"Tuesday, December 26,"
samsunggalaxy,Why do Samsung phones suck nowadays?,0,33,"Monday, March 4,"
samsunggalaxy,Grain issue on S24U but samsung not providing replacement,116,127,"Monday, February 5,"
samsunggalaxy,Still rocking the Samsung S7,186,51,"Monday, January 22,"
samsunggalaxy,Which Samsung looks the most premium out of these 4?,116,178,"Saturday, May 11,"
samsunggalaxy,Latest rumor suggests that the Samsung Galaxy S25 Ultra could ship with 16GB of RAM,15,25,"Monday, December 25,"
samsunggalaxy,Forcing me to install TikTok. I see Samsung is still just as bad as ever,267,381,"Wednesday, May 8,"
samsunggalaxy,Samsung Port Type,60,35,"Tuesday, January 2,"
samsunggalaxy,Samsung phone,1,3,"Wednesday, February 28,"
samsunggalaxy,Samsung and Samsung's phones throughout the years.,27,18,"Monday, January 29,"
samsunggalaxy,Can‚Äôt preorder s24 on Samsung shop app on iPhone,1,6,"Sunday, November 5,"
samsunggalaxy,My Samsung Galaxy S8.,129,77,"Tuesday, August 1,"
samsunggalaxy,I'm still using my Samsung Galaxy S1,32,31,"Sunday, February 18,"
samsunggalaxy,"Alright Samsung, you win....",147,45,"Tuesday, January 23,"
samsunggalaxy,Does Samsung offer monthly payments?,0,8,N/A
samsunggalaxy,wo.. green line issues on samsung phones...... #samsung @samsung #moyemoye...tag that samsung users,1,0,"Wednesday, January 17,"
samsunggalaxy,Should I buy my S24 Ultra through Samsung or Verizon?,7,19,"Monday, March 4,"
samsunggalaxy,"Samsung Galaxy S25 rumored to use Exynos chips only, no Snapdragon variants",115,180,"Thursday, March 14,"
samsunggalaxy,Why tf is my samsung galaxy lagging so much??,0,55,"Friday, February 23,"
samsunggalaxy,Samsung finally releases US update for Samsung S24 lineup,12,26,"Sunday, January 28,"
samsunggalaxy,Samsung Galaxy AI only free until 2025?,87,64,"Saturday, January 20,"
samsunggalaxy,Samsung Galaxy S24 Ultra vs IPhone 15 Pro Max | Camera comparison,116,203,"Tuesday, February 27,"
samsunggalaxy,Samsung S24 Ultra pre-release review: premium with buggy elements,12,10,"Saturday, April 13,"
samsunggalaxy,"Goodbye: Loyal Workhorse, Samsung Galaxy A50.",154,42,"Sunday, May 19,"
samsunggalaxy,"Time is now, Why samsung and why apple?",0,15,"Saturday, January 27,"
samsunggalaxy,What's one thing you like about the iPhone that you really wish Samsung could implement.,143,361,"Thursday, May 9,"
samsunggalaxy,Samsung OS,1,17,"Thursday, May 23,"
samsunggalaxy,Samsung s24 or Samsung 24 ultra,1,3,"Friday, March 15,"
samsunggalaxy,"Is it only me, or the Note 8 was the best looking Samsung phone?",191,161,"Wednesday, November 8,"
samsunggalaxy,Do you think Samsung Gauss will also be available for older models?,3,2,"Monday, February 5,"
samsunggalaxy,samsung s24 ultra green line issue,73,74,"Monday, March 11,"
samsunggalaxy,Samsung Galaxy Has Cloud Service? Since When?,1,6,"Saturday, January 20,"
samsunggalaxy,"True or false: ""the vast majority of Samsung users are on three-button navigation""",110,237,"Friday, September 15,"
samsunggalaxy,Can i be considered Samsung Fan Boy?üòÇ,185,101,"Tuesday, October 24,"
samsunggalaxy,Are Samsung phones that customizable?,10,30,"Sunday, September 24,"
samsunggalaxy,Just bought the Samsung Galaxy A34!,129,81,"Friday, March 22,"
samsunggalaxy,Do you guys use Samsung Wallet or Google Wallet?,9,58,"Sunday, January 21,"
samsunggalaxy,"I still use a Samsung Galaxy S3 in 2024,ask me anything",81,165,N/A
samsunggalaxy,"Why do premium samsung displays look better than other premium smartphones,even tho other phones have similar pixel density,display panel and brightness",13,26,"Monday, March 4,"
samsunggalaxy,Samsung says they received an empty box,21,77,"Thursday, November 16,"
samsunggalaxy,Is there Samsung account for kids and how do you set it up?,4,26,"Friday, May 17,"
samsunggalaxy,Samsung Galaxy S24 Ultra with Samsung Pay,1,1,"Thursday, January 25,"
samsunggalaxy,Super HDR: Another one of Samsung's AI tricks?,4,7,"Saturday, December 23,"
samsunggalaxy,Gboard vs Samsung Keyboard?,20,63,"Saturday, March 2,"
samsunggalaxy,"Samsung Internet Says ""Checking for updates"" when opened",11,9,"Wednesday, December 13,"
samsunggalaxy,Thank you samsung,94,40,"Saturday, February 17,"
samsunggalaxy,Samsung Galaxy Note10 in 2024,28,27,"Tuesday, April 9,"
samsunggalaxy,Samsung s21 or Samsung s23 FE?,2,3,"Thursday, December 28,"
samsunggalaxy,Why Samsung galaxy?,2,26,"Tuesday, November 28,"
samsunggalaxy,Samsung Referral Code (2023) (Updated),0,84,"Wednesday, January 24,"
samsunggalaxy,Samsung AI is a joke,1,15,"Saturday, March 30,"
samsunggalaxy,Is it worth upgrading from the Samsung A31 to the Samsung A55 or Samsung A35?,1,4,"Thursday, January 18,"
samsunggalaxy,Are Galaxy AI for Samsung Notes coming to Galaxy Tab S9 ?,1,2,"Friday, February 23,"
samsunggalaxy,"Samsung ecosystems are a must, regardless of age.",109,60,"Sunday, November 26,"
samsunggalaxy,Curious how long do samsung phones last as an iphone user,23,99,"Monday, March 25,"
samsunggalaxy,Samsung Galaxy s23 refresh rate,38,41,"Friday, December 1,"
samsunggalaxy,How well is Samsung/Windows ecosystem working for you?,7,13,"Tuesday, September 12,"
samsunggalaxy,Samsung slapping themselves right now,154,60,"Thursday, March 21,"
samsunggalaxy,Which Samsung phone should I buy?,0,6,"Monday, February 26,"
samsunggalaxy,Green line issue in samsung s22 ultra 1.5 year old,132,88,"Friday, October 27,"
samsunggalaxy,Why do Samsung want to use Exynos in their new upcoming S24 lineup ??,36,41,"Saturday, April 27,"
samsunggalaxy,Samsung or Google apps?,4,31,"Tuesday, February 6,"
samsunggalaxy,It's impressive just how truly terrible Samsung Keyboard is,11,66,N/A
samsunggalaxy,sorry samsung lovers!,0,25,"Friday, January 12,"
samsunggalaxy,Samsung Galaxy S24 Ultra,0,33,"Sunday, May 12,"
samsunggalaxy,I had my Samsung Galaxy S10 for four years..,34,58,"Sunday, February 4,"
samsunggalaxy,What are some of the craziest deals you've gotten for a Samsung device and how much?,77,155,"Friday, January 5,"
samsunggalaxy,Apple copy‚Äôs samsung huh,0,66,"Saturday, September 30,"
samsunggalaxy,Look for advice about upgrading to a new Samsung phone.,1,9,"Saturday, February 17,"
samsunggalaxy,Samsung messed up with Samsung Wallet (Pay)!! (in Germany),0,12,"Tuesday, November 7,"
samsunggalaxy,"üìåSamsung Galaxy S24 Ultra expected to launch on January 17, According to CNBC... Are you excited ?üìå",28,81,"Friday, May 24,"
samsunggalaxy,Samsung tab s9 fe + vs samsung tab s9,1,0,"Saturday, June 17,"
samsunggalaxy,google vs samsung apps,11,37,"Saturday, May 11,"
samsunggalaxy,Samsung is spying,0,20,"Saturday, February 24,"
samsunggalaxy,For Those That Bought an S24 from Samsung,2,8,"Monday, April 8,"
samsunggalaxy,Samsung S24 Ultra and Samsung Free,2,0,"Tuesday, March 19,"
samsunggalaxy,Good riddance to my Samsung Galaxy S20+ BTS edition,98,49,"Tuesday, January 9,"
samsunggalaxy,Why is Samsung moving away from curved displays?,19,86,"Sunday, December 3,"
samsunggalaxy,Does manufactured country matter when buying a Samsung phone?,7,11,"Wednesday, May 15,"
samsunggalaxy,What samsung phone is this?,14,26,"Tuesday, September 12,"
samsunggalaxy,Samsung Visit In,4,7,"Thursday, May 9,"
samsunggalaxy,My Samsung keeps rebooting,9,22,"Wednesday, March 6,"
samsunggalaxy,Samsung Instagram issue,10,16,"Monday, January 22,"
samsunggalaxy,Thanks for the update Samsung. Now I have 2 colorful lines!! üòë,57,125,"Friday, January 19,"
samsunggalaxy,My Official Unboxing Of the Samsung Galaxy S24 Ultra AMA,8,38,"Tuesday, April 23,"
samsunggalaxy,Samsung support at its finest,109,17,"Sunday, November 19,"
samsunggalaxy,Why I'm thinking of switching from Samsung.,72,68,N/A
samsunggalaxy,cheap samsung?,4,10,"Friday, March 1,"
samsunggalaxy,Samsung S23 + vs Samsung S24+,1,2,"Friday, March 15,"
samsunggalaxy,Samsung internet,1,0,"Wednesday, April 3,"
samsunggalaxy,New Colorize feature of Samsung AI is insanely good,139,41,"Monday, October 2,"
samsunggalaxy,Insane how the cheapest Samsung phones have the best battery life,104,107,"Thursday, January 18,"
samsunggalaxy,Samsung Referral Code,0,36,"Friday, January 19,"
samsunggalaxy,Samsung Galaxy S and Note series collection.,26,6,"Tuesday, May 7,"
samsunggalaxy,Samsung android issue,10,14,"Sunday, November 19,"
samsunggalaxy,Can anyone explain why Samsung feels the need to install apps on our phone that we didn't ask for?,16,18,"Tuesday, January 23,"
samsunggalaxy,Wanna know where Samsung got their exclusive colors from?,351,26,"Sunday, March 17,"
samsunggalaxy,So...time to ditch Samsung?,0,24,"Saturday, October 21,"
samsunggalaxy,My current Samsung Galaxy lineup,140,39,"Friday, January 26,"
samsunggalaxy,"I hear that Samsung usually updates the camera after a new model is released, is this true?",1,6,"Tuesday, November 7,"
samsunggalaxy,Pixel shows more wifi networks than Samsung,95,60,"Sunday, March 3,"
samsunggalaxy,Wtf Samsung?! What is this phone?!?,0,19,"Sunday, March 24,"
samsunggalaxy,Referral code for Samsung!!,6,26,"Saturday, November 11,"
samsunggalaxy,What Galaxy phone to buy next year (2024),9,10,"Saturday, April 20,"
samsunggalaxy,"Just purchased Samsung s24 ultra, and the finger print is broken üíîüò≠",30,80,"Saturday, January 20,"
samsunggalaxy,New Samsung user,3,4,"Sunday, May 12,"
samsunggalaxy,Best Samsung phones for 60+ year old man?,16,38,"Thursday, January 25,"
samsunggalaxy,Samsung Keyboard is just bad compared to Gboard,32,60,"Tuesday, March 19,"
samsunggalaxy,I Just Got My First Samsung after 9 Years Of Apple,90,60,"Saturday, June 3,"
samsunggalaxy,Will Samsung bring back the 6.9 inch display?,47,64,"Wednesday, January 17,"
samsunggalaxy,I'm done with samsung,3,36,"Saturday, January 27,"
samsunggalaxy,The S24 Shield Case is absolute Garbage,109,86,N/A
samsunggalaxy,Samsung Notes crisis,0,17,"Thursday, February 29,"
samsunggalaxy,Samsung phone refuses to save passkeys to any app other than Samsung Pass,4,3,"Tuesday, January 23,"
samsunggalaxy,Samsung S21 Ultra vs Samsung S8,2,2,"Thursday, February 8,"
samsunggalaxy,Perfect example of Samsung's aggressive and broken photo processing,47,61,"Friday, February 16,"
samsunggalaxy,S24 Ultra - International Versions?,9,18,"Tuesday, February 27,"
samsunggalaxy,Samsung Galaxy S6 Edge not turning on.,42,40,"Friday, April 5,"
samsunggalaxy,Where did the Samsung swipe gestures go??,12,35,"Thursday, April 4,"
samsunggalaxy,Is this the standard package for the Samsung S23?,104,34,"Sunday, February 11,"
samsunggalaxy,I finally moved my passwords from Google to Samsung Pass!,87,55,"Friday, January 19,"
samsunggalaxy,I‚Äôm ready. Back to Samsung after 2 years of iPhone.,96,81,"Saturday, March 30,"
samsunggalaxy,Samsung Internet Browser,5,7,"Wednesday, February 7,"
samsunggalaxy,"So apparently the ü§£ emoji on Samsung is broken to the degree it just shows Google emoji font, instead of Samsung",25,32,"Monday, October 2,"
samsunggalaxy,I'm having a tough time from choosing Samsung 23 or an iPhone 15 pro,11,69,"Friday, October 27,"
samsunggalaxy,Samsung bricked thousands of S22 Ultra's,44,53,"Sunday, May 21,"
samsunggalaxy,"Samsung Trade-in lies so much lol. They said I sent in a Note 9, which I have never owned.",89,45,"Monday, January 22,"
samsunggalaxy,Samsung Pay not working,28,27,"Wednesday, April 17,"
samsunggalaxy,Why doesn't samsung ditch the use of Amoled?,0,25,"Friday, January 26,"
samsunggalaxy,Settings issue? Samsung S9//Samsung A23,1,0,"Sunday, January 28,"
samsunggalaxy,Samsung slow delivery,0,4,"Monday, April 8,"
samsunggalaxy,Samsung Vs Apple upgrades.,28,14,"Friday, February 9,"
samsunggalaxy,Samsung Keyboard AI Features,1,2,"Wednesday, August 9,"
samsunggalaxy,Another typo by Samsung...,108,38,"Tuesday, February 13,"
samsunggalaxy,Is Samsung Galaxy S9 still good?,3,26,"Thursday, May 9,"
samsunggalaxy,Samsung screen Protector,1,8,N/A
samsunggalaxy,Is there a Samsung Answer to ProRes/Log Video?,4,5,"Saturday, April 22,"
samsunggalaxy,Samsung üò±üí™üí™üí™,183,27,"Friday, May 3,"
samsunggalaxy,Samsung galaxy s24 ultra fake or real.,0,14,"Friday, September 15,"
samsunggalaxy,Brand new 12 year old Samsung,161,37,"Monday, February 26,"
samsunggalaxy,Samsung Help,0,3,"Friday, March 22,"
samsunggalaxy,I hate that I'm being held hostage by Samsung into having a Samsung account,0,8,"Friday, April 7,"
samsunggalaxy,Does Samsung deliberately slow down its phones?,7,45,"Tuesday, May 21,"
samsunggalaxy,Samsung note 10 green screen,21,11,"Thursday, August 17,"
samsunggalaxy,Does anyone know what Samsung this is? Can‚Äôt get it switched on to find out.,19,17,"Sunday, April 28,"
samsunggalaxy,Is Samsung's One UI worth ditching for the Pixel's Stock Android?,17,54,"Saturday, January 27,"
samsunggalaxy,Trying to buy an S24+ from Samsung.com - what a cluster (discussion wanted),1,1,"Friday, May 3,"
samsunggalaxy,Samsung Health friends!,4,7,"Sunday, August 6,"
samsunggalaxy,Google or Samsung apps?,3,8,"Wednesday, March 6,"
samsunggalaxy,Is Samsung Travel Adapter 25W better than 2pinSamsung 25W Travel Adapter 3Pin?,1,7,"Monday, December 25,"
samsunggalaxy,Guys what phone is this ? I know its a Samsung,27,48,"Monday, April 1,"
samsunggalaxy,Samsung üò≠,0,8,"Monday, September 25,"
samsunggalaxy,Samsung made a genius move by jumping from S10 straight to S20,69,30,"Tuesday, December 12,"
samsunggalaxy,Benefit of Samsung earbuds over non samsung?,4,4,"Saturday, February 11,"
samsunggalaxy,"Did anyone switched from iOS to Android (Samsung, to be specific) recently? I really enjoy their new phone as a whole. What's your experience? Take into consideration that I mostly use my smartphone for social media & photogrpahy. Thank you! (photo credit: Bobby Oliver/CNET)",57,36,"Tuesday, February 27,"
samsunggalaxy,Samsung browser crashes when autofilling login credentials via Samsung Pass.,3,2,"Thursday, January 25,"
samsunggalaxy,Can I still get a Samsung Galaxy S22 Ultra in 2024?,1,2,"Friday, March 1,"
samsunggalaxy,I'm getting tired of Samsung,0,27,"Thursday, January 11,"
samsunggalaxy,How long between Samsung Unpacked and S24 actually shipping?,1,4,"Friday, March 29,"
samsunggalaxy,Samsung can't blame Apple's iPhone monopoly for a lifetime of terrible software,57,68,"Wednesday, January 31,"
samsunggalaxy,Using Samsung with MacBook in 2024,5,8,N/A
samsunggalaxy,Samsung A34 5G vs Samsung M14 5G,2,3,"Monday, December 18,"
samsunggalaxy,Samsung physical keyboard,64,14,"Wednesday, February 1,"
samsunggalaxy,WTF Samsung,20,59,"Tuesday, June 6,"
samsunggalaxy,"Do you use Samsung apps like notes, internet, reminders, etc. ?",29,59,"Saturday, May 25,"
samsunggalaxy,Samsung Animations,0,0,"Saturday, December 16,"
samsunggalaxy,Which phone would you recommend for my mother?,3,11,"Wednesday, May 22,"
samsunggalaxy,Samsung S9+,1,0,"Saturday, January 20,"
samsunggalaxy,Galaxy S24 price/cost,7,25,"Friday, April 19,"
samsunggalaxy,New Samsung has bloatware,0,13,"Monday, January 15,"
samsunggalaxy,Samsung is not trust worthy,0,19,"Monday, April 22,"
samsunggalaxy,[S24] How true is this claim by Samsung? Does anyone actually use scheduled restarts?,43,71,"Wednesday, November 16,"
samsunggalaxy,Does anyone else NOT use Samsung default apps?,18,19,"Sunday, May 19,"
samsunggalaxy,Samsung A23,1,0,"Sunday, May 21,"
samsunggalaxy,Why do you use a Samsung Galaxy phone instead of Google Pixel?,9,66,"Friday, April 12,"
samsunggalaxy,New Samsung User,1,9,"Thursday, February 8,"
samsunggalaxy,Just got a Samsung Galaxy S24 Ultra,8,4,"Saturday, May 18,"
samsunggalaxy,Samsung Music,0,0,"Friday, February 9,"
samsunggalaxy,"I'm new to Samsung phones, anybody can tell me what this icon means?",42,83,"Friday, March 29,"
samsunggalaxy,Help with Samsung!!!,0,3,"Tuesday, December 19,"
samsunggalaxy,So annoyed with my s23 ultra. Bye samsung.,0,57,"Thursday, November 23,"
samsunggalaxy,Things i miss after switching from Oppo to Samsung,3,20,"Monday, May 13,"
samsunggalaxy,Samsung Footage,3,0,"Tuesday, December 12,"
samsunggalaxy,Why does Samsung have pages up for very old Galaxy devices?,110,39,"Friday, December 29,"
samsunggalaxy,I got my hands on a Samsung Galaxy Note 8 and 7 prototypes,204,57,N/A
samsunggalaxy,Why are Samsung's discounts so quirky?,8,7,"Wednesday, May 8,"
samsunggalaxy,Samsung rejected trade-in,8,7,"Thursday, April 11,"
samsunggalaxy,Samsung Mid Tier Phones,1,4,"Tuesday, May 21,"
samsunggalaxy,Samsung Account Creation,1,2,"Tuesday, February 13,"
samsunggalaxy,Samsung tea,3,2,"Thursday, December 28,"
samsunggalaxy,Samsung absurd galaxy s23 FE prices.,40,33,"Friday, September 22,"
samsunggalaxy,Samsung Galaxy A Series does not suck,18,23,"Thursday, May 9,"
samsunggalaxy,Samsung A23,0,0,"Wednesday, January 31,"
samsunggalaxy,Do u guys use samsung message or G message?,0,16,"Wednesday, March 6,"
samsunggalaxy,"Is Samsung Travel Adapter 25W 2pin better than Samsung 25W Travel Adapter
3Pin?",1,4,"Monday, January 22,"
samsunggalaxy,All my Samsung orders keep being cancelled.,6,17,"Sunday, May 19,"
samsunggalaxy,Samsung watch problems,3,2,"Tuesday, January 16,"
samsunggalaxy,Samsung...,0,7,"Monday, May 13,"
samsunggalaxy,Samsung Galaxy A14 5G slow,1,10,"Tuesday, October 24,"
samsunggalaxy,Is this Samsung S23 Ultra Legitimate,11,43,"Sunday, January 28,"
samsunggalaxy,Samsung Galaxy S24 Ultra cell signal,5,33,"Friday, February 23,"
samsunggalaxy,Why Samsung Still Bother Making Exynos?,0,18,"Tuesday, December 26,"
samsunggalaxy,Bloody Samsung camera....,0,22,"Saturday, March 2,"
samsunggalaxy,Samsung galaxy s24 ultra or iPhone 15 pro Max the final decision,7,63,"Wednesday, May 22,"
samsunggalaxy,Will samsung warranty dead pixels?,2,9,"Thursday, March 7,"
samsunggalaxy,"What does the ""Good""/ ""Great"" mean on the device care thingy in samsung phones?",1,2,"Thursday, December 21,"
samsunggalaxy,On the Samsung s22 version of Samsung messages can you get RCS messages in Samsung messages?,1,1,"Saturday, February 10,"
samsunggalaxy,Why can't you downgrade binary in Samsung phones? This is as bad as Apple not signing old iOS versions.,0,14,"Monday, May 13,"
samsunggalaxy,Getting the Samsung S22,0,6,"Saturday, January 27,"
samsunggalaxy,Samsung has acknowledged the display issue and is working on it.,7,4,N/A
oneui,"Samsung, I'm disappointed",252,110,"Saturday, March 30,"
oneui,I'm really miss Samsung Experience,131,79,"Sunday, January 7,"
oneui,Why Samsung?,85,148,"Monday, November 13,"
oneui,What if Samsung made it's own OS?,16,28,"Wednesday, March 27,"
oneui,Team Gboard vs Team Samsung keyboard,154,143,"Friday, September 15,"
oneui,New Samsung Health UI,138,39,"Thursday, April 18,"
oneui,I finally switched to Samsung Keyboard,128,100,"Wednesday, November 29,"
oneui,why does it feel like everyone here hates Samsung nowadays?,29,84,"Tuesday, October 31,"
oneui,Official Samsung Statement,195,80,"Tuesday, November 28,"
oneui,2 years later and we finally got Samsung Internet on PC,330,128,"Wednesday, November 29,"
oneui,Samsung's One UI 6 global rollout ain't doing it this year,428,157,"Thursday, October 5,"
oneui,Should Samsung extend their support to 7 years of OS and security updates after Google?,71,108,"Monday, April 15,"
oneui,Samsung doesn't care about its budget series!,32,82,"Thursday, May 9,"
oneui,OneUi 6.0 Final Build Port Samsung S10 devices (Apricity Rom),73,35,"Saturday, March 2,"
oneui,Samsung released a new app named Samsung Highlights,52,15,"Friday, March 8,"
oneui,Samsung Galaxy S25 and S25 Ultra concept,8,3,"Tuesday, March 19,"
oneui,I may left Samsung Company....,39,62,"Friday, September 1,"
oneui,Samsung designed this like we could choose between Google Discover or Samsung Free but we can't,55,76,"Sunday, March 10,"
oneui,When is this coming to samsung?,308,27,"Friday, December 29,"
oneui,"What the ""samsung cloud"" doin?",12,17,"Saturday, February 17,"
oneui,Something I never knew existed in Samsung,138,63,"Saturday, January 13,"
oneui,Sharing methods to check battery health of Samsung phones without third-party apps.,104,81,"Saturday, March 30,"
oneui,This is the best thing Samsung has added to their updates,187,79,"Thursday, March 7,"
oneui,Samsung Maps - DalgleishGX Concept,130,46,"Saturday, March 30,"
oneui,"Hey samsung,wTF is this?",90,26,"Monday, December 25,"
oneui,Gotta appreciate Samsung Software Support.,85,62,"Sunday, December 3,"
oneui,"According to a ‚ÄûSamsung Support Team‚Äú representative, A32 will get ‚ÄûOne UI 6‚Äú in early 2024.",4,12,"Thursday, November 30,"
oneui,Samsung's One UI rollout is getting worse and worse every year,191,125,"Tuesday, March 19,"
oneui,Is it the end of the road for Samsung Messages?,32,40,"Monday, April 22,"
oneui,Samsung fonts,5,24,"Wednesday, October 18,"
oneui,Just Why samsung?,0,43,"Monday, January 15,"
oneui,New Samsung Galaxy bootscreen (will be updated later),186,58,"Wednesday, November 29,"
oneui,"""Namedrop"" for samsung",5,6,"Saturday, May 25,"
oneui,Samsung keyboard,16,14,"Tuesday, March 5,"
oneui,Samsung got F15 with One UI 6.1 while other devices are still waiting for the update,74,41,"Tuesday, April 9,"
oneui,Why doesn't my Samsung health update my badge?,35,66,"Saturday, February 17,"
oneui,Using Google Wallet instead of Samsung Pay,16,32,"Wednesday, January 24,"
oneui,Unable to install apks in the Samsung S24.,6,87,"Sunday, September 3,"
oneui,'Lift to wake' feature on Samsung phone sucks,1,21,"Monday, September 5,"
oneui,"Do you guys prefer samsung apps (ex Samsung browser, Samsung messages, Samsung email and more...) or Google apps? (ex Google messages, Chrome...)",23,56,"Sunday, March 24,"
oneui,What are your thoughts about Samsung Weather?,34,35,"Friday, March 22,"
oneui,Samsung baited again,33,22,"Thursday, April 13,"
oneui,Samsung Galaxy: All about switching; a new & quite fun ad,80,12,"Saturday, July 29,"
oneui,Samsung S3 days..,120,42,"Saturday, January 27,"
oneui,Cannot change the font on my phone. (Samsung Galaxy A32),9,5,"Monday, April 29,"
oneui,Samsung notes,3,11,"Tuesday, December 5,"
oneui,Samsung Calendar Vs Google Calendar,2,4,"Saturday, February 24,"
oneui,Roman numeral 4 is incorrect in this Samsung clock face,159,45,"Monday, April 22,"
oneui,"Why Samsung, just why???",0,17,N/A
oneui,Is Grammarly removed from Samsung Keyboard?,26,22,"Friday, December 1,"
oneui,RCS in Samsung Messages (2023),8,15,"Sunday, May 5,"
oneui,Samsung Control Center,0,11,"Wednesday, February 14,"
oneui,Alternatives to Samsung Free/Google Discover?,24,21,"Saturday, May 18,"
oneui,Samsung a54,3,4,"Monday, January 15,"
oneui,Samsung South Africa's negligence regarding software updates.,30,27,"Thursday, May 16,"
oneui,Poll: Gboard or Samsung Keyboard,7,16,"Friday, October 13,"
oneui,"Are there any major or annoying differences between OneUI and standard Android? I've only ever used pixel phones recently, but I prefer the hardware of the samsung phone this year.",20,34,"Thursday, August 24,"
oneui,When will Samsung change it's awful charging animation?,57,83,"Wednesday, March 13,"
oneui,Chrome or Samsung Internet,1,20,"Saturday, May 18,"
oneui,Why can‚Äôt Samsung just update all phones at once?,33,37,"Wednesday, November 15,"
oneui,I hope Samsung will never do such a thing,62,23,"Saturday, May 18,"
oneui,Samsung Music,4,1,"Sunday, August 20,"
oneui,Why does Samsung choose to go with the cartoonish style for OneUI?,0,14,"Wednesday, May 15,"
oneui,Samsung RCS,2,1,"Monday, December 25,"
oneui,Couldn't wait for Samsung.. so i used odin,15,33,"Tuesday, May 7,"
oneui,Samsung internet app slowness,4,10,"Tuesday, March 5,"
oneui,Galaxy A55 and A35 should not have new Samsung software policy,24,9,"Wednesday, May 22,"
oneui,Any FaceTime equivalent for Samsung?,0,16,"Monday, September 11,"
oneui,New Samsung Music concept :) How can I send my work to them?,283,42,"Friday, May 10,"
oneui,Samsung internet got much faster with the latest update!,27,30,"Monday, April 10,"
oneui,I wasn't a big fan of Samsung free but.... I see how it is,43,26,"Thursday, November 30,"
oneui,Samsung has a terrible rollout schedule,32,41,"Wednesday, October 18,"
oneui,Do you think Samsung should improve the unlock animation?,55,33,"Monday, May 6,"
oneui,Samsung shop,2,1,N/A
oneui,"finally one ui 6 on my samsung note 9, I am very happy",161,51,"Friday, November 10,"
oneui,Seriously Samsung? The dots are different sizes even though they're all normal stack widgets.,247,71,"Thursday, March 7,"
oneui,Samsung internet browser scrolling problem,29,6,"Tuesday, August 15,"
oneui,"Samsung seriously, really needs to add more fonts.",83,65,"Saturday, March 9,"
oneui,"Any reason why samsung made these controls smaller, compared to one ui 4, where they looked ok?",21,32,"Monday, December 18,"
oneui,Samsung Messages add RCS icon and wallpaper,78,35,"Thursday, February 29,"
oneui,Samsung Health not working,5,2,"Friday, May 24,"
oneui,Samsung internet crashing,5,0,"Thursday, February 9,"
oneui,"Samsung Internet v20+ uses ""Material You"" üòç",65,30,"Saturday, May 25,"
oneui,Samsung AQI scale,0,0,"Wednesday, April 17,"
oneui,I got completely cooked by samsung region lock (long story),0,38,"Saturday, March 9,"
oneui,Samsung Music,13,5,"Tuesday, May 7,"
oneui,How to test all Samsung devices to see the experience directly from your home.,22,5,"Tuesday, March 12,"
oneui,Samsung scammed me üòÉüíñ,19,10,"Sunday, December 3,"
oneui,Samsung first to introduce the new emojis from Version 15.1 ('23-'24),127,63,"Thursday, May 16,"
oneui,Average samsung health experience,21,2,"Thursday, October 26,"
oneui,Is samsung weather ur favorite?,31,31,"Sunday, July 3,"
oneui,Which font do you use on your Samsung phone?,13,37,"Thursday, February 15,"
oneui,Did Samsung Health remove sleep score?,12,21,"Wednesday, December 20,"
oneui,One UI 6.0 and Samsung Messages Preview,6,26,"Wednesday, May 8,"
oneui,Samsung Messages RCS issue,1,2,"Monday, January 8,"
oneui,"Samsung highlights, what are your thoughts?",4,6,"Saturday, May 18,"
oneui,Question about samsung clipboard?,3,1,"Saturday, January 20,"
oneui,Samsung Find - the newest app to find lost devices and share your location,102,35,N/A
oneui,Why doesnt samsung keyboard autocorrect?,9,11,"Friday, April 7,"
oneui,Samsung Members region,3,11,"Saturday, March 16,"
oneui,Samsung Setting Icon Shape,11,8,"Monday, July 10,"
oneui,Google calendar vs Samsung calendar,8,17,"Sunday, December 3,"
oneui,I have one ui 6 in my a24 üòÅüòÅüòÅ thanks samsung,36,64,"Saturday, March 2,"
oneui,Samsung's unfair practise,0,7,"Sunday, February 18,"
oneui,Samsung Find glitch?,12,7,"Wednesday, April 10,"
oneui,Samsung One UI 6: A Frustrating User Experience,0,7,"Thursday, April 4,"
oneui,How to add monochromatic theme to all apps. #samsung,22,26,"Monday, March 25,"
oneui,Is this possible on Samsung?,3,9,"Wednesday, January 3,"
oneui,When will samsung ace get one ui 6?,72,29,"Wednesday, July 20,"
oneui,I uninstalled Samsung Free and this happened. Any idea how to fix this? and can you suggest some more apps which could be uninstalled,23,44,"Monday, March 20,"
oneui,Samsung One UI6.0,4,54,"Tuesday, August 15,"
oneui,"do you like the Samsung Weather Widget? Personally, I think it's cleaner than Google's weather app",61,28,"Saturday, February 24,"
oneui,Help with Samsung Calendar,3,10,"Wednesday, January 10,"
oneui,Demo of the new unified Quick Share by Samsung & Google at CES 2024,260,32,"Friday, November 17,"
oneui,Samsung Siked Me Out,41,17,"Monday, June 26,"
oneui,Simple & Easy Homescreen Ideas - Samsung (9 Setups),13,42,"Friday, April 5,"
oneui,Why does samsung release unfinished software?,0,12,"Thursday, February 8,"
oneui,Here's when you'll be able to use your Samsung Galaxy phone as your PC's webcam.,26,12,"Monday, October 23,"
oneui,Samsung Widgets (unofficial) | Windows,78,20,"Sunday, May 28,"
oneui,'Samsung Flow' not available on galaxy app store or play store. why? anyone know anything?,2,12,"Sunday, February 11,"
oneui,Samsung Please Fix This,4,11,"Wednesday, December 6,"
oneui,Did samsung make the icon size small again?,4,2,"Tuesday, August 8,"
oneui,Let's Rewind: Samsung introducing the first One UI,174,33,N/A
oneui,"Does anyone use Samsung Internet as their primary browser ? If yes, what are the reasons and what browser do you use in your PC ?",22,21,"Sunday, December 31,"
oneui,Is there a samsung launcher similar to samsung experience or touchwiz?,0,1,"Wednesday, February 16,"
oneui,Isn't it just the right time for Samsung Internet on desktop?,59,31,"Monday, May 20,"
oneui,The camera cutout on samsung devices is kinda bad.,0,17,"Tuesday, February 20,"
oneui,My Samsung S22 Ultra is experiencing mobile data issues,33,16,"Sunday, February 4,"
oneui,What's best password manager to use?? With samsung+windows,15,34,"Friday, March 15,"
oneui,Which one is better between Samsung s24u and iPhone 15 Promax if we're talking about the camera?,1,12,"Wednesday, April 3,"
oneui,Urgent Help Needed: Samsung S23 Ultra Video Issue!!!!!!!,0,21,"Tuesday, January 30,"
oneui,Samsung Find,4,0,"Friday, March 1,"
oneui,Samsung Health,2,1,"Wednesday, March 6,"
oneui,Samsung notes,4,0,"Thursday, November 23,"
oneui,How Samsung expect its users to write?,2,4,"Sunday, March 3,"
oneui,You can now uninstall Samsung calendar!,2,13,"Saturday, September 10,"
oneui,Problems with OneUI (where Samsung Fails) [Personal Opinion],40,33,"Saturday, December 23,"
oneui,Samsung and their OneUI contact apps,71,21,"Wednesday, March 6,"
oneui,What if Samsung and Nothing had a baby? (Concept),32,12,"Tuesday, October 26,"
oneui,Turned my Samsung Phone into a Pixel üôÇ,239,87,"Wednesday, April 13,"
oneui,What are your opinions on Samsung's search finder and what things would you change\ add in it,9,6,"Tuesday, December 5,"
oneui,Is Samsung messages really going away?,3,28,"Tuesday, November 28,"
oneui,"One Ui 6, Samsung finder app is gone",12,34,"Monday, April 29,"
oneui,Cache management sucks on Samsung.,6,3,"Friday, December 8,"
oneui,Please can someone give me the Samsung internet browser for windows download link it's not available in my Microsoft store,1,2,"Thursday, September 8,"
oneui,[Concept] Dynamic Island...but make it Samsung,158,62,"Thursday, November 2,"
oneui,"Is Samsung willing to fix this tumorous icon size issue on OneUI 6? This happened today when ""Home Up"" got available for OneUI 6 on 5x7 layout. 5x6 works fine on S23U.",84,217,N/A
smartphones,Samsung fold 4 vs Samsung s24,1,0,"Sunday, May 5,"
smartphones,Iphone to Samsung,4,18,"Monday, March 25,"
smartphones,Samsung A54 VS Nothing Phone 2a VS Samsung Galaxy S23 FE,2,2,"Tuesday, February 20,"
smartphones,which Samsung phone should I buy Samsung galaxy f14 or f34.,4,5,"Thursday, February 29,"
smartphones,Bixby and Samsung proprietary stuff. Also newer regenerative AI. Samsung s24 ultra,1,5,"Saturday, May 25,"
smartphones,Iphone or Samsung,1,4,"Saturday, January 20,"
smartphones,Samsung vs Apple,6,21,"Monday, May 20,"
smartphones,Samsung Galaxy S24+ or iPhone 15?,3,20,"Saturday, May 11,"
smartphones,Samsung Wirrwarr,1,0,"Wednesday, May 22,"
smartphones,Is there any way possible to auto switch galaxy buds between Samsung and non Samsung device?,2,0,"Sunday, April 7,"
smartphones,Are samsung phones good nowadays?,10,16,"Saturday, March 23,"
smartphones,Samsung Galaxy A05?,2,10,"Friday, April 5,"
smartphones,Samsung Galaxy A34 or Moto g stylus 5g 2023 or Samsung Galaxy A25?,1,0,"Saturday, March 9,"
smartphones,Is it a downgrade to go from a Samsung A22 to Samsung S20 Plus?,1,5,"Sunday, April 28,"
smartphones,Samsung 23/24 or Pixel 8,2,14,"Sunday, February 18,"
smartphones,Samsung S24 camera,0,11,"Saturday, May 11,"
smartphones,Samsung Smartphone Unterschiede,3,0,"Sunday, May 12,"
smartphones,Samsung Protective Membrane,1,0,"Monday, May 20,"
smartphones,Samsung Galaxy A55 inquiry,1,2,"Saturday, May 25,"
smartphones,Samsung M31s mother board,1,1,"Friday, May 17,"
smartphones,What phone should I get? No Samsung or Iphone.,0,23,"Thursday, November 23,"
smartphones,Samsung M53 5g vs Samsung A34 5g,1,0,"Sunday, May 19,"
smartphones,OP12 or Samsung S24 Ultra,3,5,"Saturday, March 9,"
smartphones,Is the charger from the Samsung Galaxy A02s compatible with the Samsung Galaxy A54?,2,1,"Tuesday, January 23,"
smartphones,Samsung S24 or Iphone 14?,9,20,"Friday, January 19,"
smartphones,Samsung or xiaomi!?!?,3,12,"Saturday, May 4,"
smartphones,Upgrade from Samsung S21 FE,1,6,"Friday, April 12,"
smartphones,Samsung or Iphone,2,1,"Wednesday, May 22,"
smartphones,Samsung s23 vs Iphone 13 (Longevity?),4,6,"Thursday, April 25,"
smartphones,Which Samsung phone for my mom?,4,9,"Monday, April 29,"
smartphones,Time to upgrade from Samsung Galaxy S9... but to what? ü§î,8,31,"Wednesday, May 1,"
smartphones,Frustrated with Samsung's slow charging,4,5,"Friday, November 3,"
smartphones,Samsung Galaxy S23 FE vs Samsung Galaxy A54?,1,1,"Sunday, April 21,"
smartphones,Is samsung actually better than apple ?,0,14,"Sunday, February 18,"
smartphones,Samsung vs Iphone advice,8,9,"Saturday, May 25,"
smartphones,Samsung A35 Or Oneplus Nord CE4,2,4,"Tuesday, April 9,"
smartphones,Samsung S24 Overheating ?,1,3,"Saturday, May 25,"
smartphones,iPhone 13 or Samsung a55,1,3,"Sunday, March 17,"
smartphones,Upgraded from Samsung S20 FE to Samsung S24 and I feel the camera is not as good?,1,1,"Sunday, April 28,"
smartphones,Samsung mobile under 20k INR,4,2,"Tuesday, March 5,"
smartphones,Samsung Galaxy S24,2,2,"Wednesday, May 22,"
smartphones,Samsung S23 Ultra or Oneplus 12,1,2,"Wednesday, January 31,"
smartphones,iPhone 15 or Samsung 24?,5,17,"Sunday, March 10,"
smartphones,Samsung galaxy F34,1,1,"Monday, February 19,"
smartphones,Samsung s24 base,2,3,"Wednesday, March 6,"
smartphones,Nothing Phone 2a vs Samsung A54,7,11,"Sunday, May 5,"
smartphones,Can't choose between iphone 15 and samsung s23+,1,11,"Tuesday, April 9,"
smartphones,Upgrading Samsung to Google Pixel?,1,3,"Saturday, May 25,"
smartphones,Help me buy Samsung phone(India),1,0,"Saturday, April 27,"
smartphones,Samsung S series battery health,2,0,N/A
smartphones,Samsung Galaxy A55 or Iphone 12Ôºü,4,6,"Thursday, April 4,"
smartphones,Xiaomi 14 or Samsung s24+??,3,2,"Friday, January 26,"
smartphones,Samsung Encrypted,2,0,"Saturday, April 27,"
smartphones,Samsung Galaxy A55 vs Iphone 11.,1,2,"Sunday, March 31,"
smartphones,Samsung S23 Ultra or iPhone 14 plus,1,13,"Sunday, January 7,"
smartphones,Samsung A54 or S3?,2,8,"Saturday, February 10,"
smartphones,Should I buy Samsung S24 Ultra?,4,11,"Thursday, May 23,"
smartphones,edge 40 neo vs Samsung Galaxy S24?,1,1,"Sunday, April 14,"
smartphones,Samsung galaxy S24 or Phone 15 pro max,1,10,"Tuesday, April 2,"
smartphones,Looking for Android recommendations after a decade with Samsung phones,6,19,"Thursday, April 11,"
smartphones,iphone 12 pro or samsung galaxy s23,0,6,"Monday, April 15,"
smartphones,Should i buy Samsung S24 or S24 + ?,2,13,"Tuesday, March 19,"
smartphones,Oneplus vs Samsung vs Poco,3,2,"Monday, April 8,"
smartphones,Oneplus 12 or Samsung S24 Ultra,1,3,"Tuesday, February 13,"
smartphones,"Samsung F54, is still good buy?",5,9,"Friday, February 16,"
smartphones,Samsung battery problems still a thing?,4,9,"Monday, May 6,"
smartphones,Are any of these phones better than the Samsung A54?,2,13,"Wednesday, March 6,"
smartphones,Samsung Camera vs. IPhone Camera,2,3,"Thursday, May 23,"
smartphones,Samsung note 20 still worth in 2024 onwards?,2,3,"Monday, April 1,"
smartphones,upgrade from a Samsung Galaxy A50,2,3,"Friday, January 19,"
smartphones,Samsung s24 or iphone 15 pro,4,12,"Tuesday, May 21,"
smartphones,"Pixel or samsung S24 Ultra, or nothing ?",1,3,"Tuesday, March 12,"
smartphones,Samsung S23 or S24 ?,2,2,"Thursday, March 28,"
smartphones,Samsung Galaxy F22 sudden issues.,1,0,"Thursday, May 16,"
smartphones,Xperia 1 VI or Samsung S24 ultra,1,0,N/A
smartphones,New Samsung S23,1,3,"Thursday, January 18,"
smartphones,Replacing my 7 year old phone. Stick with Samsung?,10,22,"Wednesday, February 8,"
smartphones,Samsung S23 Plus VS Samsung S23 Ultra,4,10,"Wednesday, February 14,"
smartphones,iPhone 15 pro vs Samsung Galaxy S24 Ultra,6,19,"Friday, March 29,"
smartphones,samsung S24 Ultra vs iphone 15 pro,3,5,"Saturday, May 4,"
smartphones,Need a new phone coming from Samsung A13,2,4,"Thursday, February 8,"
smartphones,need help samsung pixel iphone,2,4,"Wednesday, March 13,"
smartphones,Thoughts about Samsung A54 5G?,2,0,"Wednesday, May 8,"
smartphones,Honor Magic 6 Pro or Samsung galaxy 24+,2,3,"Thursday, April 18,"
smartphones,OnePlus 12 or Samsung S24 plus,1,2,"Friday, March 15,"
smartphones,A good used smaller samsung phone?,1,3,"Thursday, May 2,"
smartphones,Should go for Samsung S23U or not,1,0,"Tuesday, May 21,"
smartphones,Samsung S24 or Iphone 14 / Iphone 13,2,0,"Saturday, March 16,"
smartphones,2024 equivalent to Samsung A7 (2018),1,2,"Sunday, April 21,"
smartphones,Google Pixel 6 or Samsung S21 fe,1,2,"Wednesday, March 13,"
smartphones,Can't get used to my samsung,3,2,"Tuesday, February 20,"
smartphones,Samsung Galaxy A15 5G or OnePlus Nord N30 5G?,1,20,"Friday, April 26,"
smartphones,Is the Samsung F14 a good pick?,1,0,"Thursday, November 30,"
smartphones,IPhone vs Samsung,2,3,"Saturday, February 3,"
smartphones,Iphone 15 pro max or samsung 24 ultra?,5,13,"Monday, January 15,"
smartphones,Thinking about a new phone (iPhone vs. Samsung),4,19,"Tuesday, January 23,"
smartphones,OnePlus 12 or Samsung s23 regular,7,10,"Sunday, April 21,"
smartphones,One UI for Samsung A34 - problems?,1,0,"Thursday, April 4,"
smartphones,iPhone 15 pro or Samsung s24 Ultra,1,5,"Friday, April 26,"
smartphones,Share your knowledge and perception about Samsung & android,2,5,N/A
smartphones,Iphone 15 pro vs samsung S24 ultra,3,6,"Wednesday, March 20,"
smartphones,"help, oneplus, samsung or xiaomi? mid range",1,3,"Wednesday, January 10,"
smartphones,Should I buy samsung,0,1,"Sunday, February 25,"
smartphones,Google Pixel 8 vs Samsung s23,2,2,"Friday, February 23,"
smartphones,Samsung A54 5G or M54 5G,1,2,"Thursday, March 28,"
smartphones,Iphone 15 pro max or the samsung s24 ultra,2,7,"Wednesday, January 31,"
smartphones,Samsung s23 vs Google Pixel 8,1,4,"Thursday, April 25,"
smartphones,It's worth to buy a Samsung Galaxy S7 in 2024?,0,7,"Thursday, April 11,"
smartphones,Repurpose old Samsung Galaxy Note 20 Ultra (Damaged screen/Oled),1,9,"Sunday, February 25,"
smartphones,Which Samsung phone should I choose,1,1,"Wednesday, January 10,"
smartphones,Samsung galaxy A34 problem,1,0,"Friday, January 5,"
smartphones,Samsung galaxy s24 thoughts?,1,0,"Tuesday, February 21,"
smartphones,iphone 11 vs samsung galaxy a53 5g/samsung galaxy a52s 5g/samsung galaxy s20 fe 5g,1,4,"Tuesday, November 14,"
smartphones,Samsung S23 FE,1,1,"Monday, January 29,"
smartphones,Pixel 8 Pro vs Samsung S24 (Exynos),3,6,"Tuesday, March 19,"
smartphones,Should I get Samsung galaxy s22 or the Iphone 11 ?,5,14,"Thursday, April 4,"
smartphones,XIAOMI POCO F5 PRO or SAMSUNG S23 FE,1,2,"Sunday, May 21,"
smartphones,Samsung A54 or Poco F5?,3,24,"Saturday, March 2,"
smartphones,Samsung Galaxy S24 or iPhone 15 Pro Max?,3,8,"Saturday, March 30,"
smartphones,"Which is better, Motorola or Samsung or Google Pixel?",3,5,"Sunday, January 8,"
smartphones,Samsung Galaxy S20 FE or Samsung Galaxy A53.,4,7,"Wednesday, December 20,"
smartphones,Pixel 7a or Samsung S23FE,2,3,"Friday, January 12,"
smartphones,Replacement for Samsung Galaxy S9+,2,1,"Friday, April 5,"
smartphones,Asus Rog Phone 8 vs. Samsung Galaxy S23 Ultra,1,4,"Saturday, January 27,"
smartphones,iPhone 13 (base ) vs OnePlus 11 vs Samsung s23 (base),6,29,N/A
smartphones,Samsung S24 Ultra Difference: Middle East version vs international version,1,0,"Wednesday, November 22,"
smartphones,Samsung Galaxy S23 Ultra,1,2,"Thursday, May 9,"
smartphones,"I dropped and smashed my Samsung Galaxy S20+ yesterday, Samsung asked me for $160 to repair the screen. Should I just get a new phone despite my data is all gone now?",1,3,"Sunday, January 14,"
smartphones,Samsung charger for nothing phone 2?,1,3,"Thursday, November 23,"
smartphones,Samsung S22 worth it this year? Battery life??,4,15,"Friday, January 12,"
smartphones,redmi note 12s or samsung a54,1,3,"Wednesday, January 31,"
smartphones,Samsung galaxy s23 VS I phone 13 pro,8,6,"Saturday, October 28,"
smartphones,Help Iphone vs Samsung,0,4,"Wednesday, March 1,"
smartphones,Samsung S21 FE 5G for long-term usage,12,42,"Tuesday, April 16,"
smartphones,How well can you take notes on a Samsung S24 Ultra?,2,7,"Wednesday, December 21,"
smartphones,Samsung Galaxy A53 5G 6/128 GB or Samsung Galaxy A52s 5G 6/128 GB?,3,19,"Saturday, November 11,"
smartphones,Samsung s23 or iphone 13?,4,4,"Monday, December 11,"
smartphones,Samsung M34 5g or Motorola g84 5g,1,8,"Thursday, May 9,"
smartphones,How long will a samsung m21 2020 model function properly?,1,0,"Wednesday, February 21,"
smartphones,iphone 11 pro max or samsung s21 ultra,1,3,"Thursday, January 4,"
smartphones,Honor Magic 5 pro or Samsung s23+,3,5,"Saturday, January 20,"
smartphones,Samsung + Magsafe case & wallet?,2,0,"Friday, January 19,"
smartphones,Iphone 15 Pro or Samsung S24 (IDC about price),1,10,"Tuesday, March 19,"
smartphones,OnePlus 12r or Vivo x90 or Samsung A55?,3,2,"Wednesday, January 17,"
smartphones,Iphone 12 Pro vs Samsung S21 Ultra Dillema,4,6,"Monday, May 13,"
smartphones,How is your experience with the hotspot of Samsung (Galaxy S) phones?,3,4,"Sunday, January 7,"
smartphones,When did Samsung become more expensive than Apple (India)?,5,10,"Saturday, November 25,"
smartphones,Samsung Galaxy A54 or Motorola Edge 40,2,8,"Friday, May 3,"
smartphones,SAMSUNG A05S VS MOTOROLA G24 VS POCO C65. Which one should I buy?,3,8,"Friday, April 5,"
smartphones,"Alternative to Samsung ""Modes and Routines"" function with other manufacturers?",1,3,N/A
smartphones,I need a suggestion for a new Samsung smartphone,5,7,"Wednesday, April 3,"
smartphones,help with Samsung Galaxy A25 -- spam/block feature,1,0,"Friday, May 3,"
smartphones,Samsung a54 or poco f5 or redmi note 12 pro plus ?,2,5,"Saturday, December 2,"
smartphones,Cheap Samsung with good battery life,1,4,"Tuesday, December 12,"
smartphones,Messages disappearing from Samsung phones,1,0,"Thursday, March 21,"
smartphones,Samsung s23 Vs Google pixel 8 ? Help me choose.,2,4,"Thursday, October 26,"
smartphones,New Samsung phone recommendations??,1,1,"Sunday, November 19,"
smartphones,Mi 11t pro vs Samsung A54?,3,4,"Monday, February 12,"
smartphones,Samsung Galaxy S24+ (Exynos) 512 GB vs OnePlus 12 512 GB,4,15,"Friday, December 1,"
smartphones,iPhone 13 or Samsung s23?,1,3,"Thursday, December 22,"
smartphones,Samsung s22 ultra thinking about going iphone,0,39,"Tuesday, November 28,"
smartphones,"Iphone 14 vs Samsung A34, best autonomy?",2,6,"Saturday, March 9,"
smartphones,"Nothing 2a, Samsung A34 or OnePlus Nord 3",3,1,"Tuesday, May 9,"
smartphones,Realme Gt 2 pro or Samsung s21fe??,4,25,"Monday, January 15,"
smartphones,What to get after my Samsung A52s,3,1,"Tuesday, November 21,"
smartphones,Samsung S22+ vs Pixel 7 Pro,1,3,"Wednesday, November 22,"
smartphones,Samsung s21 fe 5g vs Sony 10 v,2,9,"Saturday, January 20,"
smartphones,Iphone 13 (650‚Ç¨) or Samsung A54(399‚Ç¨ 256Gb),2,3,"Tuesday, March 12,"
smartphones,Xiaomi 14 or Samsung s24+ or iPhone 14,4,0,"Friday, April 19,"
smartphones,I am 14 and my parents are making me switch from iPhone 13 to Samsung S24,0,23,"Thursday, January 4,"
smartphones,Samsung Launches Double Folding Futuristic Phones 2024,1,2,"Monday, May 8,"
smartphones,Iphone 14 Pro vs Samsung S23+,10,19,"Sunday, January 28,"
smartphones,Samsung S24 Ultra or OnePlus 12 or ?,1,5,"Tuesday, November 14,"
smartphones,pixels stay snappier than Samsungs?,1,1,"Sunday, May 14,"
smartphones,Samsung Galaxy s23 Ultra vs iPhone 14 Pro Max,7,37,N/A
smartphones,Samsung s23 U vs Iphone 14 pro max for instagram&tiktok?,2,0,"Sunday, April 23,"
smartphones,iPhone 12 or Samsung Galaxy A54?,3,24,"Saturday, April 6,"
smartphones,"Samsung CEO woke up, decided to be an idiot, and choose to put exynos 2400 in S24+ region based",31,28,"Saturday, October 29,"
smartphones,Samsung s21,3,16,"Monday, March 25,"
smartphones,Change from iPhone 14 pro to Samsung or OP-recommendations,1,3,"Thursday, March 16,"
smartphones,Samsung A34 5G: Is it good?,7,22,"Wednesday, December 28,"
smartphones,Samsung S21 Ultra,3,16,"Friday, February 3,"
smartphones,Iphone 13 vs Samsung s22,5,20,"Thursday, April 11,"
smartphones,"Help me decide: Google Pixel 8, Samsung S23, or iPhone 14",1,3,"Saturday, December 16,"
smartphones,samsung a54 dual sim/sd scard slot,2,1,"Tuesday, November 21,"
smartphones,iPhone 15 Pro vs Samsung Galaxy S23+,4,6,"Friday, March 3,"
smartphones,Why do iPhone users hate Samsung/Android so much?,26,36,"Sunday, March 17,"
smartphones,Samsung Galaxy A54 5G microphone broken when using the camera,1,0,"Friday, November 17,"
smartphones,New phone - Samsung Galaxy A34?,2,0,"Thursday, November 16,"
smartphones,Samsung A53 screen mirroring with broken display,1,3,"Thursday, October 20,"
smartphones,iPhone or Samsung?,14,20,"Tuesday, March 12,"
smartphones,Help me choose between a Xiaomi 14 and Samsung S23 please!,4,2,"Thursday, June 1,"
smartphones,iPhone vs Samsung,3,7,"Saturday, December 2,"
smartphones,Anyone switched to Sony from Samsung? How is it?,1,7,"Sunday, November 5,"
smartphones,Base Samsung S23 vs Iphone 14 Pro,2,3,"Wednesday, October 25,"
smartphones,iPhone SE 3 vs Samsung s20fe?,1,4,"Monday, March 18,"
smartphones,Camera zoom bug on Samsung Galaxy S24 Ultra and Plus models [Video],1,4,"Monday, October 4,"
smartphones,Samsung S20 FE vs Samsung A52 or Samsung M52 or asus rog 3,4,11,"Monday, May 8,"
smartphones,Pixel 7 Pro or Samsung Ultra 23?,2,18,"Thursday, January 25,"
smartphones,What should I get iPhone 15 pro or latest Motorola or Samsung?,4,12,N/A
smartphones,iPhone 14 base model vs Samsung s23 base model,4,2,"Thursday, December 28,"
smartphones,Samsung removes posts about their foldable hinge reliability,4,0,"Monday, January 23,"
smartphones,Vivo or Samsung,4,10,"Saturday, May 13,"
smartphones,Samsung Galaxy A53 worth buying?,3,8,"Monday, March 25,"
smartphones,Xiaomi Redmi Note 13 pro+ vs pro vs Samsung a54 vs a55,3,1,"Monday, November 20,"
smartphones,Good deal on Samsung Galaxy Flip 5?,1,0,"Tuesday, March 7,"
smartphones,Samsung or other Android phone?,4,13,"Tuesday, December 26,"
smartphones,Is Samsung Galaxy A24 a good phone for gaming?,1,2,"Monday, April 3,"
smartphones,Samsung galaxy s23 ultra vs iphone 14 pro max,9,26,"Sunday, April 9,"
smartphones,"Samsung Galaxy A23, M33 5g, or any other suggestions in this range?(samsung only)",1,0,"Sunday, March 31,"
smartphones,Should I get Poco X6 pro or a used Samsung S21 Ultra,2,0,"Thursday, May 11,"
smartphones,Iphone 8 Plus vs Samsung Galaxy A32,2,15,"Thursday, April 20,"
smartphones,Iphone 14 or samsung s22 or oneplus 11,5,20,"Monday, May 16,"
smartphones,Samsung Galaxy A42 to Samsung a22,2,3,"Sunday, April 2,"
smartphones,Xiaomi 13 vs Samsung S23 Ultra?,1,14,"Wednesday, May 24,"
smartphones,Samsung S20 FE,2,1,"Saturday, May 4,"
smartphones,recorded video on Samsung S23 plays smoothly on the smartphone but stutters when played PC,2,3,"Tuesday, May 21,"
smartphones,Why did my Samsung s21 phone battery life went down from 12 hrs to 10hrs,2,0,"Monday, April 18,"
smartphones,Samsung needs to be stopped,15,29,"Thursday, April 14,"
smartphones,Pixel 5 vs Samsung A53G,2,32,"Sunday, January 22,"
smartphones,Samsung or Google?,7,7,"Tuesday, December 19,"
smartphones,Realme 10/Samsung A24 vs Pre-owned Pixel 5.,1,1,"Saturday, March 11,"
smartphones,Samsung or Google? S9 user,1,11,"Tuesday, May 16,"
smartphones,Samsung S22 or Iphone 14,1,7,"Saturday, January 27,"
smartphones,Can't stop Samsung Internet from popping up on S22 phone,2,0,N/A
smartphones,Samsung Galaxy XCover 6 Pro,5,14,"Saturday, May 20,"
smartphones,Samsung S21 or Note 20?,2,6,"Friday, May 12,"
smartphones,Samsung s23 ultra,3,1,"Saturday, June 3,"
smartphones,Pixel 7/7a or Samsung s22 exynos,5,11,"Thursday, December 29,"
smartphones,I'm confused between Nothing phone 1 and Samsung Galaxy A53,6,34,"Friday, November 17,"
smartphones,Should I buy the Samsung Galaxy A24 or Realme C55?,1,6,"Wednesday, November 22,"
smartphones,iPhone 12 v.s Samsung Galaxy S21,2,0,"Saturday, December 3,"
smartphones,Updates Samsung s21 base model,1,16,"Tuesday, November 21,"
smartphones,Samsung A54 or Realme 11 Pro + ?,1,0,"Sunday, March 10,"
smartphones,Good old Samsung vs Apple (S24U vs. 15 Pro Max) but with a catch.,2,5,"Tuesday, February 14,"
smartphones,Samsung Galaxy A53 or A54?,2,11,"Sunday, April 9,"
smartphones,Samsung Galaxy A14 5G Reviews?,6,7,"Saturday, November 26,"
smartphones,Samsung a52s 5g,2,9,"Thursday, March 28,"
smartphones,Samsung Galaxy A55 with Exynos 1480 isn't as bad as you think it is,3,2,"Wednesday, April 26,"
smartphones,Where to buy a Samsung Tizen Phone (Z1-Z4)?,5,18,"Thursday, April 27,"
smartphones,Samsung Galaxy A54 vs S23 plus,3,9,"Wednesday, December 13,"
smartphones,"RECOMMEND an Samsung Smartone under ‚Çπ25,000, I'm from india.",0,2,"Monday, February 5,"
smartphones,Seven out of ten OLED phone users answered that Samsung OLED is the best.,0,7,"Friday, January 13,"
smartphones,Is the battery of Samsung S22 Ultra that bad?,14,25,"Monday, April 8,"
smartphones,i have 2018 samsung a7 (or a70 i dont know) i might need something new soon,0,6,"Saturday, March 16,"
smartphones,Considering Switching from Samsung to OnePlus 10T: Need Advice on US Version,2,0,"Saturday, January 27,"
smartphones,Upgraded from Iphone SE to Samsung S21 FE. Quite an upgrade?,2,0,"Wednesday, April 17,"
smartphones,Life long iPhone user switching to Samsung Z Fold 4 for almost 2 years,3,1,"Sunday, November 29,"
smartphones,Stop Recommending the Samsung S20 FE,54,45,N/A
